PHAZIRref,X939.5,X948.6,X957.7,X966.9,X976,X985.1,X994.2,X1003.3,X1012.4,X1021.4,X1030.5,X1039.6,X1048.6,X1057.7,X1066.7,X1075.8,X1084.8,X1093.8,X1102.8,X1111.8,X1120.8,X1129.8,X1138.8,X1147.8,X1156.7,X1165.7,X1174.6,X1183.6,X1192.5,X1201.4,X1210.3,X1219.2,X1228.1,X1237,X1245.8,X1254.7,X1263.5,X1272.4,X1281.2,X1290,X1298.8,X1307.6,X1316.4,X1325.2,X1333.9,X1342.7,X1351.4,X1360.2,X1368.9,X1377.6,X1386.3,X1395,X1403.6,X1412.3,X1420.9,X1429.6,X1438.2,X1446.8,X1455.4,X1464,X1472.6,X1481.2,X1489.7,X1498.3,X1506.8,X1515.3,X1523.8,X1532.3,X1540.8,X1549.2,X1557.7,X1566.1,X1574.6,X1583,X1591.4,X1599.8,X1608.1,X1616.5,X1624.8,X1633.2,X1641.5,X1649.8,X1658.1,X1666.3,X1674.6,X1682.8,X1691.1,X1699.3,X1707.5,X1715.7,X1723.8,X1732,X1740.1,X1748.3,X1756.4,X1764.4,X1772.5,X1780.6,X1788.6,X1796.6
1,0.231987667,0.243567667,0.261075167,0.273411167,0.282088833,0.286199833,0.287174833,0.284933167,0.281198167,0.277142833,0.272673667,0.2678705,0.263547167,0.260335167,0.258017333,0.256441833,0.256070833,0.256998,0.2593235,0.263428333,0.270340667,0.2829345,0.3044225,0.331012667,0.352565833,0.364847,0.371223833,0.376987833,0.3818345,0.3842885,0.384745333,0.382995667,0.379256333,0.375036167,0.370805167,0.367377,0.365161667,0.364075667,0.363895333,0.364987333,0.368987333,0.376463,0.3878735,0.403163167,0.421546667,0.441327833,0.459626167,0.476029,0.494390667,0.519239,0.562306333,0.623350667,0.68856,0.743262667,0.782482833,0.808745167,0.824221833,0.831451167,0.834339,0.833091,0.8262495,0.814192667,0.799322667,0.782961167,0.767182333,0.750537167,0.736068333,0.7227965,0.710875667,0.699479167,0.688236833,0.678041,0.6690305,0.660740167,0.652216167,0.642292833,0.6319475,0.622106333,0.613777833,0.607292,0.602812,0.600339167,0.600531833,0.601599,0.602859333,0.603824333,0.606349667,0.610162667,0.614539667,0.619771,0.624168,0.625134833,0.627115,0.633104333,0.640151333,0.647539667,0.652967,0.6567385,0.658235667,0.656031167
2,0.202672667,0.2104515,0.223233667,0.2318915,0.238404833,0.241779833,0.242928667,0.241605833,0.239415667,0.2369175,0.234192333,0.2309635,0.227892333,0.225430667,0.2236135,0.221907333,0.220629833,0.220415667,0.221218667,0.223326167,0.2278765,0.236323333,0.250147,0.268077167,0.2834735,0.292979833,0.298191833,0.303217667,0.307644,0.309761167,0.310133667,0.3083725,0.304820333,0.3009215,0.296851333,0.293772667,0.2914455,0.290086667,0.289070833,0.288984167,0.290937667,0.295335167,0.3028785,0.3135245,0.326644167,0.341421667,0.355457667,0.368587333,0.382365833,0.399575,0.429858833,0.474636,0.524830833,0.569501,0.602943667,0.625599833,0.6387735,0.6449575,0.6475705,0.647187333,0.6424725,0.633541667,0.621790667,0.609233167,0.596014167,0.583606167,0.572624667,0.563266167,0.554846333,0.546435,0.537856167,0.530440333,0.523844,0.517741833,0.511092167,0.5029855,0.494210167,0.485512,0.478407333,0.472929833,0.469133167,0.4675285,0.467784,0.469206333,0.470581667,0.472638833,0.476655,0.481746,0.486267667,0.491477667,0.4951355,0.4948775,0.494612,0.497510667,0.503198,0.508762167,0.511979333,0.513119833,0.513342,0.511934833
3,0.186359333,0.196521,0.21101,0.2222735,0.230405,0.234052667,0.235423667,0.234225,0.2318175,0.228740667,0.224894667,0.2211775,0.2177425,0.214772333,0.212452,0.210756,0.209713833,0.209934167,0.2112125,0.214048167,0.219794,0.230039667,0.246225167,0.2666885,0.284623333,0.295623833,0.301368333,0.306639333,0.311373167,0.313676833,0.314240667,0.312796667,0.309350833,0.3049815,0.301058333,0.297818333,0.295606667,0.294255833,0.292991833,0.292475167,0.294382167,0.299221667,0.307170333,0.3185235,0.332969667,0.3492185,0.364601333,0.378522333,0.3924395,0.408459333,0.435700333,0.4758885,0.521332667,0.563253,0.595529167,0.617616667,0.630316667,0.636220167,0.639228,0.640158333,0.637798333,0.631503333,0.622676333,0.612923667,0.602874333,0.593119,0.584336833,0.577126167,0.570634,0.564107333,0.557492333,0.5513385,0.546046,0.541017667,0.534784167,0.526470167,0.517432167,0.508477833,0.501066667,0.495333667,0.491766833,0.490484167,0.491384667,0.493447833,0.495153,0.496563167,0.4997775,0.503531167,0.507411833,0.5122615,0.515678,0.5150305,0.515202333,0.518706833,0.523765333,0.528817833,0.532645333,0.534898667,0.535285167,0.533278667
4,0.2181995,0.229622667,0.246584167,0.259019667,0.266918167,0.271101333,0.271683,0.270017667,0.266602333,0.2624895,0.2582195,0.253459333,0.249346167,0.246006667,0.243565167,0.241889667,0.240940167,0.2415775,0.243391667,0.246793,0.253366667,0.265314833,0.285645,0.31134,0.332509667,0.3447105,0.3511695,0.357061,0.362253167,0.364861,0.365398833,0.363794667,0.360165333,0.355703167,0.351361833,0.3480765,0.345815167,0.3447605,0.344278333,0.345064667,0.3487435,0.3557485,0.3668105,0.381760833,0.399549,0.418989667,0.436946833,0.453445833,0.471270667,0.495604,0.537913833,0.597646333,0.661067667,0.713836667,0.751464,0.776600833,0.791457,0.7987725,0.801812833,0.800588333,0.793977,0.782248667,0.767649167,0.751752,0.735664833,0.7202495,0.705876,0.693321167,0.681709167,0.670653333,0.660100667,0.650364,0.641725333,0.634063667,0.6256775,0.616048167,0.605718667,0.595935833,0.587635667,0.581099833,0.576383,0.573783333,0.573029167,0.573667167,0.574106,0.575154333,0.5776815,0.581363667,0.585107167,0.589883667,0.593896667,0.595277333,0.597882667,0.602907167,0.610064,0.617278,0.62304,0.626076167,0.627300667,0.626476667
5,0.277821,0.291671667,0.3109255,0.325766,0.333935333,0.338526833,0.3393345,0.336127833,0.331756833,0.326464167,0.3208575,0.314831833,0.309653167,0.3055625,0.3029915,0.301073167,0.3004695,0.301813,0.304515833,0.309241,0.317472167,0.3323745,0.358473667,0.390699167,0.416103,0.430220167,0.4374055,0.443991,0.449529667,0.452178333,0.452636167,0.450675333,0.4465725,0.441880333,0.436945,0.433118667,0.430444667,0.4294815,0.429313833,0.4311235,0.436337667,0.445603833,0.459563167,0.477906833,0.499366333,0.521836167,0.542095167,0.5602995,0.581253333,0.610566667,0.660381333,0.728874667,0.798776833,0.855055167,0.893576833,0.919088167,0.934392167,0.941789333,0.945148333,0.9432905,0.9353445,0.921628167,0.905424,0.887770667,0.869794167,0.852686667,0.836806833,0.822315833,0.808917667,0.796161,0.783844833,0.772929667,0.763122,0.754086167,0.745231167,0.7350805,0.724795167,0.714595667,0.706008167,0.699489333,0.6948215,0.6918005,0.690952333,0.691388167,0.691635167,0.692546833,0.694687833,0.698208,0.7017815,0.7065805,0.710872833,0.713250833,0.716460167,0.723013333,0.730559167,0.7392685,0.745830833,0.749168333,0.7511565,0.749283667
6,0.164675667,0.174811,0.191233833,0.204009833,0.213024167,0.217890167,0.2197625,0.2183965,0.215836167,0.212495667,0.208744667,0.2047945,0.201337333,0.198349333,0.1960365,0.19433,0.1936595,0.193887667,0.195479,0.198952667,0.205722,0.217578167,0.236624833,0.260918,0.282106333,0.295082,0.301913833,0.308167333,0.313596667,0.316592,0.317407667,0.315756833,0.312096833,0.307341333,0.302795667,0.299316,0.296862333,0.2955525,0.2944445,0.294430333,0.297153167,0.303135167,0.313182,0.327281667,0.344662167,0.364245167,0.382681833,0.399295833,0.416630833,0.4379285,0.475347,0.529813167,0.590042833,0.643072,0.682448667,0.709298333,0.724889167,0.73243,0.735773167,0.735841667,0.730812833,0.720781833,0.707784833,0.693870833,0.679301667,0.665100167,0.652508,0.641561333,0.6316535,0.621966,0.61232,0.603502,0.5959175,0.588768167,0.580789,0.570979833,0.5603065,0.5501345,0.541484167,0.534819333,0.530432833,0.528536,0.5289895,0.530628167,0.532212667,0.533674333,0.536745,0.540934,0.545428,0.551011833,0.554858167,0.554704833,0.5558545,0.5605655,0.567558167,0.574869833,0.579536167,0.582244333,0.583402333,0.581809667
7,0.151624167,0.160939,0.173966,0.183547833,0.190395667,0.193257833,0.1942895,0.1930775,0.190614,0.1877855,0.184076,0.180758,0.1775995,0.174746,0.172774,0.171210667,0.170201833,0.1703765,0.171478,0.173826833,0.178707333,0.1874875,0.201652667,0.219839833,0.235537667,0.244951833,0.249589,0.253765333,0.257541,0.2592875,0.259444833,0.257828,0.254477333,0.250483667,0.246968167,0.244078833,0.242023667,0.240796833,0.239883833,0.239885333,0.241976833,0.246634667,0.2540105,0.264448,0.277586167,0.292284667,0.305986,0.318538,0.331440167,0.347497667,0.375679,0.417252833,0.464180833,0.506819167,0.539129,0.561071833,0.573677167,0.579298,0.581646167,0.581713833,0.577752333,0.569682833,0.559103667,0.547648333,0.536016833,0.5250285,0.5151935,0.506905,0.499495667,0.492024667,0.4848595,0.4781045,0.4720745,0.466556167,0.460166667,0.452121667,0.443624667,0.435464833,0.4285745,0.423213333,0.41994,0.418782833,0.419687333,0.421636333,0.423208333,0.424663333,0.427646167,0.431499167,0.435582167,0.4404645,0.443722833,0.443119167,0.443187667,0.4468115,0.451893667,0.457252833,0.461172,0.463282333,0.46362,0.461576167
8,0.141451,0.150274667,0.162288667,0.171475667,0.178376333,0.181409333,0.1829015,0.182092667,0.180351667,0.1780145,0.1749895,0.172222667,0.169500167,0.167008167,0.165132833,0.16358,0.1623525,0.162185833,0.162759833,0.164688333,0.169130667,0.176745167,0.188684833,0.204179833,0.218435667,0.227420333,0.232016833,0.2362185,0.240170167,0.2420135,0.242334333,0.240813833,0.237557167,0.2335775,0.230094,0.227301333,0.225280333,0.223972167,0.222691333,0.222024667,0.223225,0.226753667,0.232753833,0.241656167,0.253303333,0.2666305,0.279520333,0.291380167,0.3029545,0.316213,0.339678833,0.375624833,0.417948,0.458575333,0.490523833,0.512723833,0.525658833,0.531534167,0.5342565,0.5349635,0.532247333,0.525571667,0.516326667,0.5060155,0.495527,0.4854545,0.4767785,0.469680667,0.463565333,0.457235667,0.450871167,0.444832833,0.439681167,0.434785833,0.428763667,0.420988,0.412390333,0.404111167,0.3971745,0.391868833,0.388755333,0.387711833,0.388748167,0.390745667,0.392663,0.394506,0.398203833,0.402648,0.406922167,0.411529333,0.414721667,0.413417,0.4125555,0.415572,0.420037333,0.424833667,0.427577167,0.429041833,0.428827833,0.427098167
9,0.210932167,0.219014333,0.234168833,0.244467667,0.2518025,0.255601833,0.256707667,0.254943,0.251868333,0.248449333,0.244901167,0.241035833,0.237255833,0.234601167,0.232555833,0.230949167,0.2301875,0.230521333,0.232025167,0.23521,0.240872667,0.2511625,0.269134833,0.291783833,0.310731,0.322051167,0.327911333,0.333432167,0.3379975,0.340359,0.340814333,0.339121,0.335348,0.331287167,0.327003833,0.323879333,0.3215525,0.320366667,0.319934667,0.320596,0.3238255,0.3301805,0.340206667,0.353925167,0.370549667,0.388753,0.4058195,0.421339167,0.438531833,0.461670167,0.502169,0.5609305,0.624428167,0.678199167,0.716719,0.742540333,0.757768167,0.764953833,0.767939667,0.766848167,0.7602025,0.748487333,0.7338145,0.717981667,0.701615833,0.6858645,0.671621,0.659146,0.647746167,0.636526667,0.625943833,0.616298333,0.607739167,0.599875167,0.591710833,0.5821185,0.571899,0.561936333,0.553772333,0.547191667,0.542654,0.540631,0.540546833,0.541472167,0.542552,0.544210833,0.5472695,0.551526167,0.555223,0.560635667,0.565058167,0.565820833,0.567706333,0.573012667,0.579936667,0.586986833,0.591724833,0.595567833,0.597076667,0.594921
10,0.277821,0.291671667,0.3109255,0.325766,0.333935333,0.338526833,0.3393345,0.336127833,0.331756833,0.326464167,0.3208575,0.314831833,0.309653167,0.3055625,0.3029915,0.301073167,0.3004695,0.301813,0.304515833,0.309241,0.317472167,0.3323745,0.358473667,0.390699167,0.416103,0.430220167,0.4374055,0.443991,0.449529667,0.452178333,0.452636167,0.450675333,0.4465725,0.441880333,0.436945,0.433118667,0.430444667,0.4294815,0.429313833,0.4311235,0.436337667,0.445603833,0.459563167,0.477906833,0.499366333,0.521836167,0.542095167,0.5602995,0.581253333,0.610566667,0.660381333,0.728874667,0.798776833,0.855055167,0.893576833,0.919088167,0.934392167,0.941789333,0.945148333,0.9432905,0.9353445,0.921628167,0.905424,0.887770667,0.869794167,0.852686667,0.836806833,0.822315833,0.808917667,0.796161,0.783844833,0.772929667,0.763122,0.754086167,0.745231167,0.7350805,0.724795167,0.714595667,0.706008167,0.699489333,0.6948215,0.6918005,0.690952333,0.691388167,0.691635167,0.692546833,0.694687833,0.698208,0.7017815,0.7065805,0.710872833,0.713250833,0.716460167,0.723013333,0.730559167,0.7392685,0.745830833,0.749168333,0.7511565,0.749283667
11,0.201841,0.210016333,0.223318167,0.2328025,0.239873,0.243304833,0.245129333,0.243890167,0.241573667,0.239066833,0.236284167,0.233266667,0.2302285,0.227767,0.225889,0.224242333,0.223460667,0.223519667,0.224604667,0.227203167,0.232377333,0.241703667,0.256305667,0.274998167,0.291370833,0.301603167,0.307333833,0.312549333,0.316854833,0.319107833,0.319688667,0.3180585,0.314613333,0.310924167,0.306843667,0.303679333,0.301299333,0.299852333,0.298857667,0.298549667,0.300363167,0.304505333,0.312059333,0.3228435,0.336453167,0.352026333,0.366822,0.380421167,0.3945455,0.410636667,0.438711167,0.482072333,0.533276,0.581144,0.6185075,0.644360833,0.6592785,0.666543,0.669835167,0.670581,0.666952333,0.658852,0.648210333,0.636231833,0.623251833,0.611489667,0.600975833,0.592212833,0.584579667,0.576863333,0.568704833,0.561484667,0.555103,0.5493365,0.542471333,0.533676333,0.523833333,0.514362833,0.506439833,0.500516833,0.4968895,0.4957995,0.496983,0.499196667,0.501376167,0.503692667,0.507431333,0.511830167,0.516156833,0.521318,0.5250455,0.524311667,0.524038167,0.527455833,0.533111833,0.538905167,0.5426625,0.544045167,0.544474333,0.542590833
12,0.163582333,0.169314667,0.179663667,0.188802333,0.1953725,0.199571,0.201726,0.201404333,0.200652167,0.199403333,0.197957,0.195677,0.1939615,0.1922095,0.190898667,0.1893625,0.188228,0.1877215,0.187865833,0.189733167,0.193920333,0.201155167,0.2121755,0.226828833,0.240488333,0.249795833,0.254907667,0.259944167,0.264353,0.266899667,0.268129667,0.267171,0.264111833,0.260432167,0.256552,0.2536465,0.2515885,0.250243667,0.248561167,0.247128667,0.247307167,0.24974,0.2550065,0.263051833,0.273916333,0.287253333,0.300699167,0.313198167,0.3247715,0.335695167,0.353833167,0.3834595,0.420838,0.459051333,0.490896167,0.512936833,0.525036333,0.530930167,0.5339555,0.535929667,0.535512167,0.531672,0.525348667,0.517776,0.509588667,0.501523167,0.494731333,0.489777167,0.485633833,0.480778667,0.475692333,0.470879833,0.466585,0.462927,0.4575955,0.449543167,0.440511667,0.431446333,0.423981667,0.418429333,0.4150505,0.414069833,0.4153305,0.4177465,0.420022833,0.4224235,0.426491667,0.43114,0.435527667,0.440205667,0.4434065,0.44207,0.440625,0.442777333,0.4468945,0.4508165,0.453228833,0.454779,0.454979833,0.453608
13,0.125628333,0.128835833,0.137883,0.145615333,0.151003167,0.154818333,0.156721167,0.156610167,0.1556615,0.154373167,0.152973833,0.1510865,0.148952667,0.147687,0.146205167,0.144570167,0.143312333,0.142441667,0.142538833,0.1440205,0.147705167,0.154078,0.163144167,0.175388,0.187179667,0.195517,0.200219667,0.204858167,0.208918333,0.211104833,0.211946167,0.210999333,0.207929167,0.2047505,0.2010985,0.198335167,0.19627,0.1949955,0.193333333,0.191794333,0.191845833,0.19373,0.198133,0.205135,0.214817833,0.226721,0.238842167,0.250083167,0.260706333,0.2704505,0.286646167,0.313645333,0.348296167,0.384406167,0.414951,0.4364085,0.448568667,0.454095667,0.457204667,0.458958667,0.458667833,0.454936833,0.448952667,0.441619833,0.434173833,0.426008167,0.419637167,0.415004,0.411359833,0.407164833,0.402280333,0.397713333,0.393832667,0.390162167,0.385044167,0.377463333,0.368831167,0.360189333,0.3529935,0.3477805,0.344547333,0.344141667,0.3455035,0.347965167,0.3504295,0.3527035,0.356625833,0.361383833,0.365714667,0.370288,0.373253167,0.371634833,0.370286167,0.371696667,0.3755885,0.3793825,0.3806365,0.382251333,0.381815167,0.380151167
14,0.1314495,0.1350375,0.144722,0.153958167,0.160585667,0.164725833,0.166592833,0.167339167,0.1658835,0.163625167,0.161825333,0.159868167,0.157864333,0.156018667,0.154263667,0.1532965,0.151412333,0.150817833,0.150606667,0.1522875,0.156710833,0.1635495,0.173371667,0.186642833,0.200109667,0.208628167,0.213478167,0.218222,0.222797333,0.224940833,0.225653167,0.224539333,0.2210705,0.2168065,0.212949,0.2100845,0.207866167,0.206241333,0.2042615,0.202432,0.202235333,0.203931667,0.208426833,0.215859667,0.226309167,0.239458667,0.252922833,0.2652065,0.276167667,0.285589667,0.302011167,0.328724167,0.363222667,0.3989855,0.4292995,0.450598,0.462467333,0.466995167,0.46941,0.4708015,0.470401833,0.466715667,0.460839833,0.453763333,0.446254833,0.439022833,0.432924333,0.428147,0.424632167,0.420385833,0.4161125,0.411491,0.407718333,0.4044165,0.399468167,0.3917895,0.382852167,0.374401333,0.367335333,0.362023667,0.359265333,0.358941333,0.360711667,0.363610333,0.3663085,0.369249667,0.373167167,0.377457333,0.382337667,0.387591333,0.390854833,0.3885235,0.386551833,0.387917,0.391233667,0.394306,0.397007333,0.39796,0.397983167,0.3955265
15,0.173125667,0.176457167,0.186611167,0.195198333,0.200874167,0.205057333,0.2068895,0.206292,0.2052375,0.203397833,0.201463667,0.199005833,0.196474667,0.194894,0.193069167,0.191234167,0.189889167,0.188915167,0.1891125,0.190769,0.1947695,0.202000667,0.2129255,0.227987167,0.242134,0.251832833,0.256977667,0.261878833,0.265989667,0.268213,0.268919833,0.267639833,0.264378333,0.260669833,0.2565385,0.253379,0.251066,0.249639667,0.247699667,0.24624,0.246701,0.249392,0.255134667,0.263862833,0.275595667,0.289639833,0.303466,0.3158105,0.327699333,0.339781,0.360245333,0.392338,0.430729,0.467767167,0.496941167,0.516972,0.528033833,0.532981833,0.535584333,0.536787333,0.535442167,0.530909333,0.524232167,0.516524167,0.508938833,0.500617833,0.493761167,0.488376,0.483738833,0.478664667,0.473455333,0.468422833,0.464226167,0.460158667,0.454868667,0.4474755,0.439249833,0.431137833,0.424295,0.419300667,0.415820833,0.4153305,0.416382333,0.418411833,0.4204075,0.422142167,0.425239667,0.428892667,0.432446333,0.436716167,0.4397585,0.438788667,0.438392333,0.440497,0.4443555,0.448207,0.450082,0.451941667,0.451968,0.450832167
16,0.119187333,0.122364,0.131288667,0.1394035,0.145023,0.1485595,0.150620167,0.150000667,0.1489085,0.147496667,0.145852667,0.143675667,0.141570667,0.140347833,0.1391645,0.137952333,0.137203833,0.136863667,0.137415333,0.139164333,0.143222333,0.150001,0.160930667,0.175018167,0.188103,0.196247167,0.200654833,0.204937833,0.2087005,0.210811167,0.211547,0.210473667,0.2078795,0.2046565,0.201350667,0.198806667,0.197141333,0.1961035,0.1949555,0.1944185,0.195558667,0.1984505,0.204033833,0.212289167,0.222906,0.235318833,0.247371167,0.258290333,0.269503667,0.280911,0.301078833,0.332035667,0.3687805,0.404112,0.431924167,0.450982333,0.461451833,0.466257667,0.4688105,0.469699833,0.467924833,0.4629215,0.4556535,0.4475315,0.439118833,0.431030333,0.423922667,0.4183085,0.413730333,0.408837667,0.4037905,0.3989515,0.394638333,0.390624333,0.385538667,0.378837833,0.371146,0.363740667,0.3575925,0.3527835,0.349733,0.349454667,0.350366,0.352267833,0.354389667,0.3562125,0.359398833,0.363102833,0.366668,0.370673167,0.373850333,0.372931,0.372685667,0.374442,0.378337333,0.382376333,0.385863667,0.3863335,0.38617,0.384747667
17,0.1087715,0.112952,0.123283667,0.133942667,0.142120333,0.147628333,0.150216333,0.151236667,0.1502445,0.1481425,0.146571,0.1446435,0.142922,0.141062333,0.139291333,0.138329667,0.136307333,0.135598333,0.135414167,0.1374445,0.142605,0.1507985,0.162274333,0.177313333,0.1929835,0.203322,0.209278,0.215100667,0.220737167,0.223807833,0.225268,0.224568,0.221158833,0.216485333,0.21219,0.208981667,0.206646667,0.204828,0.202396667,0.199820167,0.199155,0.200786167,0.205690333,0.214081667,0.226036333,0.241243,0.256815333,0.270881,0.283072667,0.292781333,0.308958833,0.3353165,0.369413833,0.404886,0.435277,0.4568055,0.468725667,0.4732735,0.476206333,0.478299,0.479020333,0.476383333,0.47162,0.465660833,0.4593575,0.4530035,0.447662667,0.443466833,0.4403615,0.436752,0.433065,0.428871333,0.42555,0.4226525,0.417727,0.4100445,0.400964833,0.392227833,0.384995167,0.379480833,0.376578167,0.376266833,0.378268,0.3815105,0.384404167,0.387041333,0.390462667,0.394748833,0.3993475,0.404667167,0.407543833,0.405449667,0.403678167,0.405185,0.408447667,0.411484167,0.414653667,0.415974667,0.416142333,0.414115333
18,0.129666833,0.133226167,0.141433167,0.1495105,0.1580925,0.163360833,0.166115667,0.166144333,0.165354333,0.164084,0.1623845,0.160287667,0.158378833,0.156452333,0.1544995,0.152385,0.150144833,0.148244,0.147252667,0.1480545,0.152057167,0.159029333,0.167945167,0.179954667,0.193851,0.204205833,0.210547833,0.216724167,0.222301667,0.225418333,0.226833167,0.225791167,0.2216425,0.216277167,0.210942667,0.2068475,0.203774,0.201091667,0.1974255,0.193444833,0.191166,0.191356167,0.194781833,0.201675833,0.212954833,0.228651167,0.245371667,0.260302333,0.272692833,0.281043333,0.2937985,0.316824833,0.349194167,0.386254,0.420421,0.445612,0.459537,0.4654255,0.4688815,0.4716605,0.472788667,0.471126333,0.466864167,0.461574167,0.455153667,0.448821167,0.443338333,0.439633333,0.436823333,0.4337035,0.429944667,0.4264315,0.4233045,0.419992667,0.414745167,0.406299333,0.396367667,0.386626,0.3785405,0.372827833,0.370031,0.370182167,0.373064333,0.3773315,0.381190667,0.384638833,0.388807667,0.393894333,0.397958167,0.402947,0.406503833,0.403984667,0.400905,0.401172167,0.4037565,0.4070095,0.408981333,0.409551333,0.4095525,0.407821667
19,0.1300135,0.134266,0.142938,0.151306,0.158614667,0.164463167,0.166952167,0.167579667,0.1666755,0.165742333,0.164401667,0.1623365,0.160850667,0.1591395,0.157594167,0.155438167,0.153652167,0.1521695,0.151414,0.152606,0.156832167,0.163767833,0.1728685,0.1846305,0.197408667,0.207438333,0.213319167,0.218996167,0.224152667,0.227283167,0.228722833,0.227863667,0.2245925,0.220272833,0.2156725,0.21237,0.209963667,0.207925167,0.205023667,0.201767833,0.200170167,0.2007485,0.2041665,0.21072,0.220886333,0.234840167,0.249610667,0.262835667,0.273850833,0.2815175,0.293375667,0.314285167,0.343540167,0.377188333,0.408162167,0.431298833,0.444214833,0.449932333,0.453275,0.455748167,0.456959833,0.455161333,0.451286667,0.446134667,0.440810833,0.434408333,0.429368667,0.425799833,0.423261167,0.420131,0.416717667,0.4133585,0.410294833,0.407424667,0.402840167,0.395411333,0.386631833,0.377971,0.370784333,0.365945333,0.363508833,0.3636285,0.366139333,0.369874667,0.3732835,0.376279,0.380073,0.385218667,0.3891795,0.393756667,0.396744333,0.394501667,0.3917665,0.392516833,0.394917833,0.397831333,0.399767667,0.399276333,0.399299333,0.398130167
20,0.105587167,0.109750833,0.117823333,0.125714167,0.132804167,0.139057333,0.1419605,0.143036333,0.1427625,0.1424445,0.141846333,0.1402285,0.139282667,0.138104333,0.136845333,0.134984333,0.1334185,0.1319055,0.131044,0.131828167,0.135334833,0.141086,0.14873,0.1588555,0.1699645,0.1786785,0.183969333,0.18928,0.194111167,0.197284667,0.199045833,0.198759,0.1962125,0.192595833,0.188714667,0.185900833,0.183869167,0.182219,0.179599833,0.176447833,0.174738333,0.174882667,0.177507333,0.182777833,0.191232,0.203018,0.215615,0.227023667,0.236499333,0.242536167,0.2513405,0.267422667,0.290725,0.318528833,0.344876333,0.365023,0.376277833,0.381769667,0.385288333,0.388372,0.390481667,0.390148333,0.387712333,0.383832833,0.3791715,0.374270333,0.370407,0.367865333,0.3662355,0.363907167,0.361059333,0.3583895,0.355968833,0.353628667,0.349730667,0.343084833,0.3351565,0.327260667,0.320693,0.316024833,0.313371667,0.312694667,0.314110833,0.3167115,0.319259,0.321868,0.325325667,0.330017333,0.3335825,0.3371195,0.339479833,0.337663667,0.335312167,0.336065167,0.338402167,0.340762333,0.342305667,0.342155333,0.342173667,0.341130667
21,0.1345285,0.1385585,0.146447833,0.153761667,0.161652,0.1666265,0.169571833,0.170038667,0.169392167,0.168609333,0.167716,0.166384667,0.164878667,0.163620667,0.162339667,0.160503833,0.158794667,0.157413833,0.156777333,0.1577825,0.161558167,0.167987667,0.176380667,0.1872625,0.199421333,0.208828,0.214815,0.220563667,0.225906,0.229033833,0.230595833,0.229971667,0.226805,0.222806,0.218345,0.215015,0.2124855,0.2105015,0.207771167,0.204703833,0.203109333,0.203574167,0.2068,0.213071333,0.222917833,0.236117167,0.250378167,0.263459333,0.274646167,0.2820995,0.293272833,0.314155,0.343829,0.378641,0.411381833,0.436080833,0.450190167,0.457104167,0.4612155,0.464620833,0.466158833,0.464883167,0.461134,0.455821,0.449111333,0.4427255,0.437359667,0.433924667,0.431443667,0.428393667,0.424600833,0.421174667,0.418041833,0.415253667,0.410430333,0.402755667,0.393283167,0.3838855,0.376535833,0.371062667,0.3678755,0.368301667,0.370392833,0.3738225,0.377086333,0.380179667,0.384347333,0.389371333,0.393603167,0.397624167,0.400750667,0.398427833,0.3961225,0.3970765,0.399762333,0.402527667,0.403394833,0.405122167,0.404274333,0.402008167
22,0.213844167,0.2193635,0.227807667,0.233710833,0.237892167,0.239959167,0.239965,0.238352167,0.235880333,0.232813,0.229795833,0.226331667,0.222959167,0.220216833,0.218072333,0.215994333,0.214276167,0.213642,0.213728667,0.214923833,0.218291833,0.225153167,0.236927,0.252574667,0.266313667,0.274687333,0.279237833,0.283604167,0.287399167,0.288993167,0.2890835,0.2875385,0.284438,0.280829,0.277155333,0.274352333,0.272331167,0.2710685,0.270266,0.270332167,0.272514667,0.277101,0.284879167,0.295620833,0.308900333,0.323743,0.337643667,0.350343667,0.364266667,0.3825275,0.414899833,0.462609,0.515294167,0.561081333,0.594905333,0.6178665,0.631447333,0.638652833,0.641870333,0.641515333,0.636608167,0.627506667,0.6155035,0.602466333,0.589188667,0.576574167,0.564945,0.555001167,0.545717,0.537014833,0.528163333,0.520266167,0.513187333,0.5068415,0.499864667,0.4915705,0.482736833,0.474152333,0.467077333,0.461411,0.457565,0.4561795,0.4564535,0.457789333,0.458185333,0.458508167,0.460728,0.463706333,0.466466167,0.469479,0.472517167,0.474069333,0.476260833,0.480028667,0.4853995,0.490982833,0.495765833,0.498207333,0.498708667,0.497435
23,0.194859667,0.2008035,0.210044667,0.216768,0.221751833,0.224331667,0.225109667,0.223883,0.221740667,0.219109333,0.216395167,0.213252,0.210237,0.2076115,0.205521833,0.203552333,0.201984667,0.201242833,0.201346,0.202508667,0.205812333,0.212595333,0.2241005,0.239693333,0.2539345,0.262906833,0.267808667,0.272373833,0.276362833,0.278212333,0.278537167,0.277038167,0.273874833,0.270115167,0.2663465,0.263362167,0.2611725,0.259831667,0.258762333,0.258442,0.260235833,0.264643667,0.272211333,0.2830605,0.296685333,0.312160833,0.326834833,0.340145667,0.354263,0.371995833,0.402876833,0.449248833,0.501706167,0.548695167,0.584240333,0.608566833,0.622913167,0.630067833,0.63355,0.633948167,0.630002333,0.621573667,0.610563667,0.598341167,0.585805333,0.573699667,0.562791667,0.553443,0.544970833,0.536690667,0.528430833,0.5210465,0.514477833,0.5083875,0.501414,0.492888667,0.4834555,0.474372,0.466789167,0.460912167,0.457091833,0.455759667,0.456350333,0.458066,0.4588275,0.459547,0.462008667,0.4650295,0.467865833,0.4720005,0.475181833,0.4759765,0.477842,0.481870167,0.4875905,0.493353833,0.498292,0.500520167,0.501224167,0.499682333
24,0.179176,0.1824175,0.1877345,0.191255333,0.194300667,0.194979,0.195256333,0.194021667,0.192158,0.190401833,0.188149333,0.185713833,0.1832105,0.181000667,0.1791645,0.177387667,0.175694667,0.1746325,0.174058333,0.174068333,0.175660667,0.179410667,0.186144333,0.195562667,0.204157,0.209584,0.212555167,0.2156555,0.218317333,0.219263833,0.219124167,0.217592333,0.2147445,0.211854167,0.208896333,0.206519667,0.204679667,0.203544333,0.202622833,0.202365,0.203547833,0.206486833,0.211485667,0.218815667,0.228272167,0.2390475,0.249440333,0.2593915,0.270011167,0.2834895,0.307227333,0.3433435,0.3846285,0.422544,0.4515485,0.471337,0.483137333,0.488898,0.491465333,0.491693667,0.488285833,0.4812105,0.471765667,0.461440667,0.4508255,0.440727667,0.431502167,0.423756333,0.417034667,0.410244333,0.403565333,0.397230167,0.391861833,0.386841833,0.381117833,0.3740265,0.366526833,0.3593195,0.3531725,0.348569833,0.3455245,0.344573833,0.345469,0.3472425,0.348297333,0.349149667,0.352345,0.355825,0.358745333,0.362258167,0.3656895,0.365816167,0.366020167,0.369033833,0.373337,0.377590833,0.380363833,0.381751167,0.381837333,0.379998667
25,0.213844167,0.2193635,0.227807667,0.233710833,0.237892167,0.239959167,0.239965,0.238352167,0.235880333,0.232813,0.229795833,0.226331667,0.222959167,0.220216833,0.218072333,0.215994333,0.214276167,0.213642,0.213728667,0.214923833,0.218291833,0.225153167,0.236927,0.252574667,0.266313667,0.274687333,0.279237833,0.283604167,0.287399167,0.288993167,0.2890835,0.2875385,0.284438,0.280829,0.277155333,0.274352333,0.272331167,0.2710685,0.270266,0.270332167,0.272514667,0.277101,0.284879167,0.295620833,0.308900333,0.323743,0.337643667,0.350343667,0.364266667,0.3825275,0.414899833,0.462609,0.515294167,0.561081333,0.594905333,0.6178665,0.631447333,0.638652833,0.641870333,0.641515333,0.636608167,0.627506667,0.6155035,0.602466333,0.589188667,0.576574167,0.564945,0.555001167,0.545717,0.537014833,0.528163333,0.520266167,0.513187333,0.5068415,0.499864667,0.4915705,0.482736833,0.474152333,0.467077333,0.461411,0.457565,0.4561795,0.4564535,0.457789333,0.458185333,0.458508167,0.460728,0.463706333,0.466466167,0.469479,0.472517167,0.474069333,0.476260833,0.480028667,0.4853995,0.490982833,0.495765833,0.498207333,0.498708667,0.497435
26,0.179176,0.1824175,0.1877345,0.191255333,0.194300667,0.194979,0.195256333,0.194021667,0.192158,0.190401833,0.188149333,0.185713833,0.1832105,0.181000667,0.1791645,0.177387667,0.175694667,0.1746325,0.174058333,0.174068333,0.175660667,0.179410667,0.186144333,0.195562667,0.204157,0.209584,0.212555167,0.2156555,0.218317333,0.219263833,0.219124167,0.217592333,0.2147445,0.211854167,0.208896333,0.206519667,0.204679667,0.203544333,0.202622833,0.202365,0.203547833,0.206486833,0.211485667,0.218815667,0.228272167,0.2390475,0.249440333,0.2593915,0.270011167,0.2834895,0.307227333,0.3433435,0.3846285,0.422544,0.4515485,0.471337,0.483137333,0.488898,0.491465333,0.491693667,0.488285833,0.4812105,0.471765667,0.461440667,0.4508255,0.440727667,0.431502167,0.423756333,0.417034667,0.410244333,0.403565333,0.397230167,0.391861833,0.386841833,0.381117833,0.3740265,0.366526833,0.3593195,0.3531725,0.348569833,0.3455245,0.344573833,0.345469,0.3472425,0.348297333,0.349149667,0.352345,0.355825,0.358745333,0.362258167,0.3656895,0.365816167,0.366020167,0.369033833,0.373337,0.377590833,0.380363833,0.381751167,0.381837333,0.379998667
27,0.1979205,0.199453167,0.205175833,0.209742667,0.212936833,0.2149145,0.214617,0.212964167,0.210446,0.208279333,0.205616833,0.202456667,0.199684667,0.1972485,0.195192,0.193129,0.1912765,0.190247667,0.190084167,0.190443833,0.193050167,0.198298,0.207615,0.220025667,0.231148167,0.237903667,0.241476667,0.245144833,0.2483535,0.2496835,0.249772,0.248371667,0.24571,0.2425055,0.239221833,0.236670167,0.2348,0.233774167,0.233055,0.233115333,0.234588167,0.2383735,0.244649667,0.253659167,0.265099,0.278194833,0.290941167,0.302964333,0.315952667,0.331729833,0.360019,0.402585667,0.451538833,0.496386667,0.530660167,0.553674167,0.566702167,0.572936667,0.575738333,0.575725,0.571835333,0.5634015,0.552544333,0.540472833,0.527376,0.515718833,0.505056,0.496055667,0.488186833,0.479966667,0.471998667,0.4648205,0.458507167,0.452621667,0.445981167,0.437551167,0.428634333,0.419849167,0.412437667,0.407063667,0.403777833,0.402314167,0.403472333,0.4052635,0.406429667,0.406902333,0.409542167,0.4130805,0.4163205,0.419592,0.423291667,0.424005333,0.424839167,0.428792333,0.433728167,0.4391395,0.444088,0.44553,0.446155,0.444686
28,0.223603167,0.224545333,0.2301695,0.234434167,0.236738667,0.237424333,0.237879667,0.2365675,0.234592667,0.232889667,0.230817,0.228361167,0.225778333,0.2239075,0.222294833,0.220395333,0.218956333,0.217645833,0.217120833,0.217483333,0.219596,0.223976833,0.2316315,0.241942,0.251121167,0.256583833,0.259694333,0.262941167,0.265562333,0.2667135,0.266674333,0.265363,0.2630525,0.2605365,0.257518667,0.2550975,0.253387833,0.252321833,0.2514395,0.2514415,0.2528425,0.255627833,0.260944667,0.2685115,0.278089833,0.288972667,0.299728833,0.309982667,0.321114167,0.333952,0.3577245,0.394222167,0.437169833,0.476756667,0.507132,0.527349,0.538778,0.544361667,0.546700667,0.546772667,0.542982667,0.535503,0.525725167,0.514974667,0.5037035,0.493285833,0.483997833,0.4763295,0.469574,0.462590833,0.455552667,0.449228,0.4435615,0.438577667,0.432769667,0.425806833,0.417988667,0.4104305,0.4041845,0.399201667,0.396053333,0.395749167,0.3966655,0.398274333,0.399253,0.399880667,0.402415167,0.405083333,0.407324,0.410275833,0.4132895,0.4137855,0.415226167,0.418146667,0.422289,0.426853833,0.430489333,0.432012333,0.432251167,0.431266833
29,0.140572667,0.142976333,0.150196833,0.155783833,0.158848,0.161158,0.162021333,0.161289333,0.160278667,0.158654833,0.157153167,0.155254,0.1529715,0.1517595,0.150226667,0.1487195,0.147731,0.146961833,0.146892667,0.147755667,0.150067,0.154875333,0.162560667,0.173104833,0.182348,0.188583167,0.192022333,0.195454167,0.198369,0.199751,0.200099167,0.199139667,0.196848667,0.1945475,0.191732,0.189582167,0.187988,0.187177167,0.186461667,0.186173167,0.187454667,0.190252833,0.195398167,0.202736833,0.212196667,0.223145833,0.2340605,0.244369,0.255228667,0.2681695,0.291026333,0.326473167,0.368312333,0.407442833,0.437715333,0.458474667,0.470589667,0.476418667,0.479257833,0.4796245,0.476702833,0.469930667,0.460862833,0.4506765,0.4407,0.430123167,0.4211555,0.4140105,0.407681833,0.401142,0.394504833,0.388256167,0.382988333,0.3780065,0.3723905,0.364997333,0.3570065,0.3492875,0.342734167,0.337918667,0.334573,0.333722,0.334458833,0.336031333,0.336928167,0.337527167,0.339973,0.3427605,0.345173167,0.348174167,0.350907333,0.351299,0.352798667,0.355769167,0.360385833,0.364875667,0.367300333,0.370003833,0.370180333,0.369495667
30,0.191042333,0.194237833,0.1991655,0.202485833,0.204673,0.206093833,0.206458833,0.204987667,0.203195333,0.2015415,0.199670333,0.196994333,0.194431,0.1922745,0.190461167,0.188256333,0.186143167,0.184767167,0.183711667,0.1834355,0.184942667,0.188319333,0.193856833,0.201673833,0.2092635,0.214548833,0.217334833,0.220373333,0.2229875,0.223991,0.223913667,0.2223135,0.219392667,0.2162555,0.212962333,0.210426167,0.208372,0.20698,0.205560167,0.2044405,0.204602667,0.206140167,0.2096455,0.215423333,0.223045167,0.232523,0.242040167,0.251028,0.259668167,0.269045667,0.28571,0.312609167,0.345789333,0.378355667,0.404391,0.422180667,0.432191667,0.436746333,0.439026333,0.439735333,0.437866167,0.432945167,0.426,0.418115167,0.4101215,0.402384333,0.395746833,0.390163167,0.385593,0.3806035,0.375545,0.370906833,0.366832,0.362797167,0.358087167,0.351675167,0.3446025,0.337673,0.3320045,0.327810667,0.325267,0.324838,0.326396,0.328829,0.330002667,0.3310015,0.333901,0.337302167,0.339944,0.3431635,0.345802667,0.345309667,0.344198833,0.345773333,0.348632667,0.351740833,0.353652667,0.353884167,0.3535745,0.352438333
31,0.1982185,0.203028667,0.212151333,0.218698,0.223578,0.2259285,0.227192333,0.225632667,0.223644,0.221699667,0.219475167,0.2171595,0.214280667,0.212407167,0.210869667,0.2092005,0.207932167,0.207511333,0.207636,0.209228,0.213144667,0.220316667,0.230930833,0.245246167,0.258404667,0.2670535,0.271979833,0.276799333,0.280856,0.2826575,0.282995833,0.281723667,0.278713833,0.275429833,0.271619,0.268697833,0.2664145,0.265079833,0.2639595,0.263409,0.264586667,0.268203833,0.274542667,0.283978333,0.296152667,0.310298,0.324378333,0.3371895,0.3499985,0.364227833,0.388450333,0.426533,0.471872167,0.5144805,0.547631667,0.569895,0.582447,0.588649,0.591439,0.592322667,0.589826833,0.583380333,0.57485,0.565171167,0.554825,0.545280333,0.536938,0.529801833,0.523923833,0.5174815,0.510969,0.505001333,0.499947667,0.495162,0.489309167,0.4815135,0.473067333,0.464571667,0.457675,0.4524205,0.449522667,0.4492725,0.451010167,0.453319,0.4546405,0.455570333,0.458421167,0.461160333,0.463238333,0.466159167,0.469026833,0.469622333,0.4706045,0.473869167,0.4777945,0.482314667,0.485928667,0.4878995,0.487923667,0.485361167
32,0.142672833,0.142538667,0.145807833,0.1487295,0.150264,0.151165833,0.151494667,0.151328833,0.1494795,0.147306667,0.1459185,0.143814833,0.141717833,0.139799667,0.137853,0.136606,0.1342395,0.132702167,0.131324,0.130818,0.131411,0.133136833,0.136478833,0.141869333,0.147428667,0.150830833,0.153055,0.155711667,0.158135333,0.158761333,0.1587005,0.157419167,0.154723833,0.151881,0.149044167,0.146874833,0.145024,0.143590833,0.1421465,0.140925,0.140750833,0.141509833,0.1441175,0.1486185,0.154966333,0.163144167,0.171755,0.180143167,0.188093833,0.195872333,0.209873333,0.232838833,0.262322333,0.292202667,0.317271833,0.3353085,0.3460835,0.350927333,0.353723833,0.355196667,0.354817,0.351301667,0.345946,0.339353167,0.332369167,0.325676333,0.319986333,0.3153605,0.311828,0.307700667,0.303558833,0.299302667,0.2957605,0.292767333,0.288409833,0.282135167,0.274990167,0.2681615,0.262446167,0.2581,0.255604167,0.255164167,0.256228833,0.258085333,0.259511167,0.261130833,0.264255167,0.266986167,0.269588167,0.272328333,0.274799167,0.274801833,0.274274167,0.2758605,0.2785155,0.280566667,0.283062,0.284181833,0.283876333,0.2820155
33,0.232636833,0.234262167,0.2398395,0.243354333,0.24575,0.246382,0.246692,0.245006667,0.242784667,0.241078333,0.2389985,0.236727833,0.233823833,0.231967,0.230197333,0.228271167,0.226400333,0.225365167,0.224662333,0.224879333,0.226687333,0.231076,0.238326667,0.248459,0.257393167,0.263229167,0.266558,0.2702165,0.273354833,0.274661,0.274784833,0.273424667,0.270585,0.267778333,0.264561,0.262000167,0.2599645,0.258768667,0.257780167,0.257316,0.2581565,0.260708333,0.265324333,0.272221167,0.281209833,0.291585833,0.302134833,0.312195667,0.322718167,0.334848,0.355674667,0.388407833,0.4275165,0.464346,0.493126,0.512773833,0.524082167,0.5297275,0.532383167,0.533091667,0.530668667,0.524772833,0.5168145,0.507433167,0.497547667,0.488157667,0.4803395,0.473558167,0.467857167,0.461511833,0.455175333,0.449433333,0.444537333,0.440005333,0.434682333,0.427743,0.420122,0.412470833,0.406333333,0.4017075,0.398694667,0.398025667,0.3990485,0.400763667,0.402153,0.403564667,0.407024167,0.411109333,0.414651833,0.418044167,0.421134833,0.4211825,0.420657833,0.423345333,0.4269835,0.4309765,0.433403667,0.4344125,0.434011,0.4320055
34,0.211262,0.211955,0.215828,0.219738167,0.2216915,0.2222685,0.222621,0.221284833,0.2195935,0.217804333,0.215950333,0.213422833,0.211037167,0.209265333,0.207583333,0.205641,0.2040625,0.2026025,0.201641833,0.201429833,0.202537167,0.205365,0.2108755,0.218595333,0.2255735,0.229643833,0.231925167,0.234521167,0.2365085,0.237361167,0.237199667,0.235947667,0.233770833,0.231262,0.228505667,0.226261833,0.224618167,0.223550167,0.2224285,0.221951833,0.222685167,0.224531167,0.228468833,0.234305833,0.241881167,0.250758833,0.259714333,0.268359333,0.277927833,0.288707667,0.3090655,0.340697,0.378467333,0.413894333,0.441071833,0.459337833,0.469694333,0.4747475,0.477099833,0.477420167,0.474549333,0.468362833,0.460051,0.450505167,0.440535333,0.431175833,0.422821667,0.4162055,0.410450667,0.404320167,0.398246667,0.392526167,0.387596167,0.383111333,0.3778245,0.3712315,0.363614667,0.356401,0.350349833,0.3455165,0.3422475,0.34146,0.341765333,0.3428155,0.343639,0.344222667,0.346398,0.349113833,0.351656,0.354238333,0.357162167,0.357615833,0.358773167,0.3610145,0.3648255,0.368707167,0.3718605,0.3731415,0.373032,0.371694333
35,0.142672833,0.142538667,0.145807833,0.1487295,0.150264,0.151165833,0.151494667,0.151328833,0.1494795,0.147306667,0.1459185,0.143814833,0.141717833,0.139799667,0.137853,0.136606,0.1342395,0.132702167,0.131324,0.130818,0.131411,0.133136833,0.136478833,0.141869333,0.147428667,0.150830833,0.153055,0.155711667,0.158135333,0.158761333,0.1587005,0.157419167,0.154723833,0.151881,0.149044167,0.146874833,0.145024,0.143590833,0.1421465,0.140925,0.140750833,0.141509833,0.1441175,0.1486185,0.154966333,0.163144167,0.171755,0.180143167,0.188093833,0.195872333,0.209873333,0.232838833,0.262322333,0.292202667,0.317271833,0.3353085,0.3460835,0.350927333,0.353723833,0.355196667,0.354817,0.351301667,0.345946,0.339353167,0.332369167,0.325676333,0.319986333,0.3153605,0.311828,0.307700667,0.303558833,0.299302667,0.2957605,0.292767333,0.288409833,0.282135167,0.274990167,0.2681615,0.262446167,0.2581,0.255604167,0.255164167,0.256228833,0.258085333,0.259511167,0.261130833,0.264255167,0.266986167,0.269588167,0.272328333,0.274799167,0.274801833,0.274274167,0.2758605,0.2785155,0.280566667,0.283062,0.284181833,0.283876333,0.2820155
36,0.144220667,0.147974,0.154154333,0.158308,0.161409667,0.1642265,0.165221833,0.164931833,0.163556167,0.162553833,0.1611435,0.159188,0.157438833,0.155706833,0.1542225,0.152244667,0.150797833,0.149476833,0.148641,0.148966833,0.151101667,0.155282333,0.161243333,0.1691765,0.177294167,0.1833395,0.186816667,0.190258,0.1932045,0.194827167,0.195272,0.194194833,0.191678,0.188833667,0.185550167,0.183039333,0.181107,0.179573167,0.177835167,0.176200167,0.175843167,0.176909333,0.180087167,0.185299,0.1929435,0.2026945,0.212757833,0.222004833,0.230410833,0.238023333,0.250882333,0.272420833,0.300473167,0.330004333,0.355211833,0.373440667,0.383585667,0.388198333,0.390654333,0.392078167,0.391653333,0.388543833,0.383609167,0.377775167,0.371936333,0.365446667,0.360313167,0.356118667,0.352758,0.348939167,0.344963667,0.34123,0.337934333,0.334834,0.330709,0.3246545,0.317638167,0.310802833,0.305146167,0.301098333,0.298919333,0.298906167,0.300856333,0.3037315,0.305330667,0.306449167,0.308846333,0.312061167,0.314403833,0.3172035,0.319419,0.318575167,0.317396667,0.318774,0.321247167,0.323891833,0.325880167,0.325596667,0.325192333,0.3241905
37,0.233518,0.2347765,0.239887333,0.243048167,0.244898333,0.245829833,0.245807333,0.244279667,0.242052833,0.239859667,0.237637833,0.234891,0.2321455,0.229731167,0.2276145,0.225072833,0.223132333,0.2213455,0.220164333,0.219910333,0.221286167,0.22519,0.231504333,0.240017667,0.247416333,0.25299,0.256068667,0.2592335,0.261812,0.262688333,0.262794333,0.261381333,0.2590095,0.256066167,0.252924667,0.250294833,0.248257167,0.246867833,0.245643667,0.244734667,0.2451755,0.247200333,0.2513995,0.257804833,0.266222667,0.276318,0.286620667,0.296378,0.305559167,0.3160555,0.33381,0.362098167,0.396407333,0.429814833,0.457011,0.4762085,0.487366167,0.493111833,0.496083,0.497279333,0.495606833,0.490551,0.483580667,0.475720667,0.467248833,0.459038667,0.4517405,0.445960667,0.440982833,0.4357025,0.430056,0.425066167,0.4209765,0.416869333,0.412001333,0.405723,0.398747667,0.391946667,0.386349,0.382396333,0.38004,0.380047833,0.381634167,0.384036833,0.385673167,0.386536833,0.388843333,0.391295167,0.393188833,0.395793167,0.398608333,0.3984485,0.398673,0.400644167,0.403947833,0.407551667,0.410965,0.410682667,0.4108265,0.4090595
38,0.184780667,0.1853895,0.189553667,0.192877833,0.195666,0.198053167,0.1990885,0.1986135,0.1979355,0.196902833,0.196078,0.194203333,0.192485167,0.1909365,0.189331833,0.186991667,0.1849235,0.182660167,0.181062,0.180404,0.1814585,0.184472,0.188061833,0.193397667,0.199339333,0.2052375,0.209151167,0.213573833,0.217563833,0.219487833,0.220420333,0.219512,0.216788167,0.213460667,0.209649333,0.206766167,0.2043845,0.202609667,0.200239667,0.197482667,0.195835667,0.195544667,0.197249833,0.201060167,0.207383,0.216444333,0.226800167,0.236749833,0.244777833,0.250145167,0.257653167,0.272189167,0.2937905,0.319999,0.345409333,0.3649945,0.3762885,0.381850833,0.3852785,0.388133,0.389793333,0.3890645,0.386487833,0.382618167,0.3778795,0.372787167,0.368614333,0.365962167,0.363986333,0.361447,0.35835,0.355573333,0.353246,0.350815167,0.346872,0.340523833,0.333414,0.326182167,0.3202575,0.316107667,0.3139315,0.314378,0.3164845,0.319479167,0.3217495,0.323702833,0.327324833,0.331864333,0.335179,0.337894333,0.340520667,0.3385135,0.336061,0.335884,0.337842667,0.339688667,0.340947167,0.339497167,0.338672667,0.336789
39,0.136160833,0.138947167,0.145120667,0.149996167,0.154077,0.157748167,0.1592295,0.159218833,0.158240167,0.157350833,0.156212,0.154386833,0.152805,0.1511515,0.149643167,0.147592667,0.145795167,0.144104333,0.143019167,0.143323167,0.145639333,0.1500835,0.1556645,0.163209667,0.171750833,0.178794167,0.1832485,0.187757167,0.1918,0.1942145,0.195262833,0.194524167,0.191812667,0.1886475,0.184923667,0.182114167,0.179995667,0.178249167,0.175923667,0.173406667,0.172123833,0.172514167,0.175128833,0.180081,0.187735,0.198180833,0.209380667,0.219960833,0.228926833,0.235263333,0.245115,0.2630495,0.288514167,0.317631667,0.344457667,0.364527333,0.3761695,0.381859667,0.385312833,0.3880005,0.389378,0.388163833,0.384831,0.3801625,0.374748167,0.3692275,0.364649333,0.361496,0.359215333,0.356299833,0.352995833,0.349989167,0.3472865,0.344651333,0.340586,0.334129167,0.326323667,0.318667667,0.312229667,0.307648,0.305133667,0.304827333,0.306712,0.309450333,0.31132,0.312809167,0.3157535,0.319640333,0.3220065,0.324555167,0.326832833,0.326017333,0.324369167,0.325227,0.327459667,0.329999667,0.331973,0.331627,0.331247,0.329968167
40,0.154295,0.156673167,0.1622385,0.166144,0.170648,0.172840667,0.174202,0.173274333,0.171949667,0.1705755,0.168888333,0.166832167,0.164632833,0.162823667,0.160956,0.158777667,0.156822333,0.154985333,0.153971833,0.154178667,0.156826,0.161824833,0.168125333,0.176591667,0.186243333,0.1935695,0.198414,0.203462333,0.207813,0.209925667,0.2107295,0.209638,0.2064825,0.202826167,0.198914333,0.195915667,0.193530333,0.191603667,0.189345,0.187046667,0.186074167,0.186913333,0.190310667,0.196292,0.205297167,0.217128167,0.2296065,0.241155167,0.25115,0.258875667,0.2711825,0.292799333,0.322306667,0.354715333,0.383818333,0.4052475,0.417771333,0.4239585,0.427562,0.4302515,0.430991,0.4289665,0.4247255,0.419268833,0.413019,0.406772,0.401614,0.397942667,0.395097667,0.391629,0.387745833,0.384271,0.381388833,0.378446833,0.374060167,0.367215833,0.359239167,0.351322667,0.344820833,0.340263667,0.338032667,0.338383167,0.3409465,0.344328833,0.3465095,0.348126667,0.351558833,0.355224167,0.357781,0.360668,0.363339333,0.362512167,0.361040667,0.362135167,0.364417,0.367244333,0.3691305,0.369405833,0.369336667,0.367228167
41,0.216300833,0.217393167,0.220132667,0.222338,0.223972833,0.224951167,0.224714,0.223375667,0.221831333,0.2195545,0.217497667,0.214786,0.212270333,0.209772333,0.207198,0.204304833,0.201707,0.199168,0.197057,0.195800333,0.196145667,0.1983365,0.2015095,0.206328167,0.211889667,0.216989833,0.220009667,0.2233205,0.226229833,0.227291833,0.227495,0.2261015,0.223120833,0.2192815,0.215441,0.212427833,0.210062667,0.208071833,0.2054985,0.2026995,0.201088833,0.201180333,0.203267333,0.2076385,0.214720833,0.224700333,0.235650833,0.245704667,0.253782333,0.260519333,0.270862333,0.289672667,0.315532667,0.344395333,0.370519667,0.389982333,0.401279667,0.406590833,0.409912667,0.412300333,0.4130755,0.411021333,0.407250667,0.402382333,0.397126,0.3914415,0.386654167,0.383181833,0.380512833,0.377487833,0.374056,0.370952,0.368333833,0.365529167,0.3613235,0.354991667,0.347818,0.340654167,0.334901667,0.330787667,0.3286085,0.329147,0.3314645,0.334816167,0.3370515,0.3381755,0.3409625,0.343768833,0.345853667,0.347989167,0.350537333,0.349224,0.348130833,0.348693667,0.350816167,0.3533105,0.355275,0.354985167,0.354633667,0.352887333
42,0.1925035,0.193292,0.1956945,0.197838167,0.199451333,0.200129,0.199412667,0.198174667,0.1958145,0.193832667,0.1914185,0.1886465,0.185836667,0.183029167,0.180437667,0.177637667,0.174955167,0.172528167,0.170540667,0.169539167,0.1703575,0.173038167,0.176753833,0.1822185,0.188845333,0.1940035,0.197256,0.200499,0.203542833,0.204759833,0.204958833,0.2036075,0.200396667,0.196854167,0.1932695,0.190265667,0.1879875,0.186135,0.183691167,0.181224833,0.1798025,0.179944,0.1820745,0.1864955,0.193615,0.203274833,0.213876833,0.223641167,0.232135167,0.238346,0.248379833,0.266450667,0.291850333,0.320722,0.347495833,0.3673395,0.378716667,0.383997667,0.387087333,0.389709333,0.390703333,0.3894315,0.385703333,0.380727,0.375114167,0.369582833,0.364952167,0.361692833,0.3591215,0.356071667,0.352752667,0.349532667,0.347053167,0.344458,0.3404055,0.333884,0.3262185,0.318873333,0.313033167,0.308919833,0.307194333,0.307644167,0.310727667,0.314564333,0.316935833,0.318395167,0.321065667,0.324235667,0.327174167,0.330504167,0.3333735,0.331788167,0.330044833,0.330522833,0.332762333,0.3350515,0.336573167,0.336236,0.335781833,0.333544833
43,0.2204255,0.221668667,0.223007,0.224549167,0.225096667,0.225187833,0.224558167,0.222624,0.220392167,0.218786833,0.216855167,0.2141665,0.211657667,0.209440333,0.207078833,0.2043,0.201766167,0.199156833,0.1972535,0.195944333,0.1961015,0.1977115,0.200100333,0.204465333,0.209743667,0.214374667,0.217519,0.221214,0.2243085,0.225748167,0.225981167,0.224488833,0.221445167,0.217926667,0.213940833,0.210880333,0.208212833,0.206104167,0.203703333,0.201061833,0.199485,0.199367667,0.201159,0.205182667,0.211575833,0.2207375,0.2309555,0.2407255,0.2491215,0.2550795,0.264512167,0.281991333,0.307111167,0.336231833,0.363363,0.383764,0.3955115,0.401570333,0.405002,0.4075655,0.408623,0.4070675,0.403631333,0.398786,0.393321,0.3874225,0.382560333,0.37927,0.376645333,0.373627667,0.370132,0.366960667,0.364313833,0.361643333,0.357497667,0.351135833,0.343564833,0.335977333,0.329867833,0.325581667,0.323512833,0.3237005,0.326174833,0.329121333,0.3311225,0.332643333,0.336175,0.339990833,0.342176333,0.3441915,0.346738,0.3459175,0.344360333,0.344723833,0.3468945,0.349035,0.350093,0.350061167,0.34931,0.347387333
44,0.160294667,0.160402667,0.163758167,0.167193667,0.1697615,0.171584,0.171686167,0.1710285,0.169698167,0.168295333,0.166799833,0.164708333,0.162714,0.161059833,0.159213833,0.156963,0.154322333,0.152478,0.150992333,0.150434667,0.151714167,0.154848667,0.158656833,0.163985333,0.170566833,0.176131833,0.179873,0.184200833,0.188060167,0.189806,0.1906015,0.1895705,0.186655,0.183143667,0.179274,0.1762285,0.173714167,0.171774333,0.169328167,0.166610667,0.164936667,0.164876833,0.166799333,0.1709835,0.177719,0.187460167,0.198474,0.208733167,0.217327667,0.222922333,0.231334167,0.247422667,0.271159833,0.2997945,0.327472333,0.348630333,0.360808833,0.36682,0.370179,0.3729515,0.373957833,0.372893167,0.369654333,0.3649975,0.359379333,0.353816667,0.349247333,0.3460835,0.343987833,0.341291,0.338244833,0.3352035,0.332629833,0.329930333,0.325940667,0.3193755,0.311595833,0.304109333,0.29777,0.293523833,0.291358833,0.292127833,0.294849667,0.2982915,0.300732167,0.302628833,0.306204333,0.310514667,0.313178,0.315775,0.3185125,0.317085167,0.3149555,0.3154235,0.317121667,0.319287667,0.320293167,0.320294333,0.319891833,0.318504
45,0.165242,0.166638833,0.170930833,0.173416833,0.176247333,0.177223333,0.177683,0.176116833,0.174340667,0.172595667,0.170801667,0.168402333,0.165975,0.163986667,0.161986833,0.1600215,0.158228667,0.1567855,0.156039,0.1561795,0.157968,0.161752833,0.167055,0.174594333,0.182521,0.188199833,0.191761333,0.195240667,0.198034,0.199107667,0.199238667,0.197862833,0.195049,0.192141,0.189036333,0.186649667,0.184718833,0.183216167,0.181787833,0.1806495,0.180680167,0.182027333,0.185541333,0.191140333,0.1990015,0.208986667,0.219145667,0.2286505,0.2376115,0.246018167,0.2607045,0.285349667,0.317523833,0.350879667,0.379419667,0.399749833,0.411641167,0.417561833,0.420617667,0.422393833,0.421663333,0.418059167,0.412019833,0.405275167,0.3979185,0.390718833,0.384623833,0.379952167,0.376024167,0.371692667,0.367085333,0.362917167,0.359257833,0.355907,0.351498,0.345246333,0.338005667,0.331125333,0.325555167,0.321783833,0.31992,0.320707167,0.322943833,0.325720833,0.327586,0.329088333,0.332246333,0.335126,0.337097667,0.3400925,0.342849833,0.342581,0.341794333,0.3431445,0.345591,0.348111333,0.349635667,0.350451,0.350237167,0.348364833
46,0.129996667,0.132103833,0.137673333,0.142975667,0.1467395,0.149546,0.150193,0.1497945,0.148664667,0.147201333,0.1455005,0.143108833,0.141065667,0.139277,0.137392,0.135343167,0.133152667,0.132010333,0.1312185,0.131531833,0.133894,0.138691833,0.145649333,0.155168667,0.165116333,0.172266667,0.176691167,0.1813745,0.1854215,0.187355833,0.188273333,0.187355833,0.184602167,0.181187667,0.177726,0.175027333,0.173007,0.171595667,0.169839,0.16799,0.167637333,0.1693455,0.173413833,0.180042167,0.189165833,0.200863667,0.212908167,0.223886,0.233751667,0.242935333,0.258104333,0.283064667,0.314874,0.347617667,0.375500333,0.395623667,0.407326667,0.413579333,0.417310333,0.4199035,0.4200405,0.417393,0.412477667,0.4063605,0.399437,0.393023833,0.387204,0.382757,0.379154833,0.375238833,0.371117,0.367217,0.363745333,0.3604705,0.356082667,0.349312833,0.341675667,0.334311167,0.3281555,0.323686167,0.321108,0.3211515,0.322900167,0.325318667,0.326861167,0.327933333,0.330803333,0.333902667,0.336351833,0.338798833,0.341499833,0.341019833,0.340652833,0.342197333,0.344777667,0.3476775,0.350260333,0.351107667,0.3512185,0.3494285
47,0.142896167,0.144825,0.147895667,0.150893833,0.153451333,0.155180333,0.155406667,0.154800667,0.153165667,0.152074167,0.150535667,0.148447333,0.146264833,0.144384,0.142402,0.140148667,0.138078,0.1360275,0.134488,0.133884,0.13479,0.1372785,0.140432833,0.145079833,0.150689167,0.155403167,0.158560833,0.162000333,0.1651825,0.166617167,0.166892667,0.165393,0.1620825,0.158767667,0.155209833,0.152314833,0.150090167,0.148357333,0.145980167,0.143696,0.142294833,0.142087667,0.143779833,0.147553333,0.153873333,0.162828,0.1728405,0.182218333,0.190266167,0.195729667,0.204487333,0.220597667,0.243779333,0.270923833,0.296846,0.316515333,0.328123167,0.333929,0.337217667,0.339748333,0.340704333,0.339455833,0.3360295,0.331414,0.32606,0.321204,0.3168685,0.314013667,0.311841,0.309350667,0.306401667,0.303743833,0.3013995,0.2989215,0.295147333,0.289085333,0.281917833,0.2749975,0.269401833,0.265609167,0.264192333,0.264932167,0.267929167,0.2716945,0.2744355,0.276385333,0.280131667,0.283835,0.2863105,0.289213,0.291898667,0.290477667,0.288146333,0.288268167,0.289964667,0.291850833,0.292985167,0.291778333,0.2912225,0.289682167
48,0.1530105,0.155183,0.161289167,0.1667015,0.170682333,0.173411833,0.174680333,0.174032667,0.172989667,0.171397333,0.1700245,0.167864167,0.165882,0.1640475,0.162311333,0.160338667,0.158934,0.157502667,0.1567395,0.157018667,0.159086167,0.163474333,0.1700795,0.179290333,0.1881745,0.195032333,0.198897167,0.2027725,0.206132167,0.2076255,0.208208833,0.207127833,0.204625667,0.2014235,0.198045,0.195395667,0.193372333,0.1919175,0.190229833,0.1885995,0.18838,0.189916,0.193722167,0.1999825,0.208624667,0.219522667,0.2307025,0.241052,0.250326167,0.259444833,0.274511833,0.299733167,0.331872333,0.3650275,0.3929875,0.412963333,0.424361833,0.429928333,0.43286,0.434732667,0.434405333,0.430847667,0.425277833,0.418770667,0.411812,0.4046845,0.398571833,0.393884833,0.390005333,0.385642,0.380976,0.376825333,0.373255333,0.369679333,0.364783,0.3579615,0.350294667,0.342792667,0.336512333,0.3320485,0.329574833,0.329069667,0.3304645,0.332927,0.334581333,0.335844333,0.338687167,0.341782,0.344037833,0.3469805,0.349581,0.348558,0.348128333,0.350066833,0.353111667,0.356638833,0.359972833,0.359523833,0.359784,0.357895667
49,0.193931333,0.197531167,0.201233,0.205041167,0.208132833,0.2098895,0.210759333,0.210203333,0.208947667,0.207935,0.206733667,0.204704333,0.2029065,0.201347667,0.199515,0.197447667,0.195545,0.193635333,0.192411833,0.191998833,0.1935395,0.1967055,0.200441833,0.206065167,0.2126465,0.218105667,0.221641333,0.225638667,0.229158,0.2310115,0.231677833,0.2307545,0.2282955,0.224826,0.221406833,0.218721,0.216538333,0.214842,0.212614333,0.210152833,0.208752167,0.2087855,0.210754667,0.214918833,0.2214835,0.230899833,0.241191833,0.250852667,0.259073333,0.264688333,0.273506,0.289855333,0.313653833,0.341903833,0.369102167,0.390030667,0.402117833,0.408377333,0.412068333,0.414931667,0.4163245,0.415245667,0.412137167,0.407554667,0.402078333,0.396484333,0.391824667,0.388809833,0.386463,0.383750833,0.3806305,0.377543,0.374862833,0.3723525,0.368118,0.361588,0.353907667,0.346204833,0.340033,0.335563,0.333356667,0.333652,0.336157833,0.339294833,0.341292667,0.342574167,0.345302,0.348775,0.3510765,0.353123,0.355446667,0.3540815,0.352712833,0.353334,0.355178333,0.357363833,0.357988,0.3597745,0.358996833,0.356606333
50,0.1925035,0.193292,0.1956945,0.197838167,0.199451333,0.200129,0.199412667,0.198174667,0.1958145,0.193832667,0.1914185,0.1886465,0.185836667,0.183029167,0.180437667,0.177637667,0.174955167,0.172528167,0.170540667,0.169539167,0.1703575,0.173038167,0.176753833,0.1822185,0.188845333,0.1940035,0.197256,0.200499,0.203542833,0.204759833,0.204958833,0.2036075,0.200396667,0.196854167,0.1932695,0.190265667,0.1879875,0.186135,0.183691167,0.181224833,0.1798025,0.179944,0.1820745,0.1864955,0.193615,0.203274833,0.213876833,0.223641167,0.232135167,0.238346,0.248379833,0.266450667,0.291850333,0.320722,0.347495833,0.3673395,0.378716667,0.383997667,0.387087333,0.389709333,0.390703333,0.3894315,0.385703333,0.380727,0.375114167,0.369582833,0.364952167,0.361692833,0.3591215,0.356071667,0.352752667,0.349532667,0.347053167,0.344458,0.3404055,0.333884,0.3262185,0.318873333,0.313033167,0.308919833,0.307194333,0.307644167,0.310727667,0.314564333,0.316935833,0.318395167,0.321065667,0.324235667,0.327174167,0.330504167,0.3333735,0.331788167,0.330044833,0.330522833,0.332762333,0.3350515,0.336573167,0.336236,0.335781833,0.333544833
51,0.1359555,0.1377625,0.142904167,0.148000333,0.152398833,0.1549765,0.155463667,0.154957667,0.153154667,0.151832667,0.149374667,0.147207167,0.1449595,0.142574,0.140543,0.138273833,0.136151,0.134406333,0.133279167,0.133556333,0.136561333,0.141809,0.148111333,0.156522833,0.166567,0.1742045,0.1790875,0.183664167,0.188043833,0.189992833,0.190505167,0.189395167,0.186060667,0.182080167,0.178200833,0.17498,0.172542667,0.170608333,0.1678915,0.165152,0.163750667,0.164202667,0.1669615,0.172693,0.181698333,0.193825833,0.206693333,0.218332333,0.228239333,0.235365333,0.2466465,0.266656667,0.294712,0.326471333,0.355652667,0.376992833,0.389367667,0.3949195,0.3981915,0.400906,0.401943333,0.400442167,0.396520833,0.3914215,0.385791333,0.380098167,0.375409,0.372211667,0.369601833,0.366724333,0.363506167,0.360471,0.357943833,0.3553185,0.351145167,0.344505167,0.336784333,0.329238333,0.323215833,0.319118833,0.317529333,0.318285667,0.321473667,0.3252965,0.327830833,0.329589167,0.332600333,0.33614,0.339131167,0.3424545,0.345114333,0.343671333,0.342185333,0.3428565,0.3450455,0.347690167,0.3496175,0.349305833,0.34921,0.346943
52,0.165242,0.166638833,0.170930833,0.173416833,0.176247333,0.177223333,0.177683,0.176116833,0.174340667,0.172595667,0.170801667,0.168402333,0.165975,0.163986667,0.161986833,0.1600215,0.158228667,0.1567855,0.156039,0.1561795,0.157968,0.161752833,0.167055,0.174594333,0.182521,0.188199833,0.191761333,0.195240667,0.198034,0.199107667,0.199238667,0.197862833,0.195049,0.192141,0.189036333,0.186649667,0.184718833,0.183216167,0.181787833,0.1806495,0.180680167,0.182027333,0.185541333,0.191140333,0.1990015,0.208986667,0.219145667,0.2286505,0.2376115,0.246018167,0.2607045,0.285349667,0.317523833,0.350879667,0.379419667,0.399749833,0.411641167,0.417561833,0.420617667,0.422393833,0.421663333,0.418059167,0.412019833,0.405275167,0.3979185,0.390718833,0.384623833,0.379952167,0.376024167,0.371692667,0.367085333,0.362917167,0.359257833,0.355907,0.351498,0.345246333,0.338005667,0.331125333,0.325555167,0.321783833,0.31992,0.320707167,0.322943833,0.325720833,0.327586,0.329088333,0.332246333,0.335126,0.337097667,0.3400925,0.342849833,0.342581,0.341794333,0.3431445,0.345591,0.348111333,0.349635667,0.350451,0.350237167,0.348364833
53,0.169324333,0.171944167,0.178102667,0.181924833,0.184665167,0.1868595,0.187577833,0.186649333,0.185019333,0.183539,0.181786833,0.1794995,0.177553667,0.175602667,0.173962667,0.171844,0.170486333,0.1690215,0.168227333,0.168606,0.170797,0.174979833,0.1811515,0.1895705,0.197719,0.203848833,0.207407833,0.210969333,0.2138675,0.215402833,0.215637667,0.214273833,0.211228833,0.208665833,0.205396167,0.202847333,0.200852333,0.199325833,0.197892167,0.196628,0.196778,0.198288,0.2020515,0.2079885,0.2163885,0.22683,0.237602833,0.247759833,0.2575855,0.267273333,0.284711833,0.313089333,0.349008333,0.384878,0.414301,0.435221667,0.447209333,0.452823,0.4557315,0.456905667,0.455375333,0.450390167,0.443194667,0.435068167,0.426595167,0.418146833,0.410936833,0.405,0.399866833,0.394459,0.389040667,0.384041333,0.379648833,0.375571333,0.370627,0.363671833,0.3558145,0.3483145,0.342077333,0.337725667,0.335142167,0.334783333,0.3367115,0.339524167,0.341089167,0.342387167,0.3452495,0.348683167,0.350800833,0.354054333,0.356771667,0.356493333,0.355687167,0.357716667,0.3611785,0.364095833,0.364986,0.367441833,0.36729,0.3653725
54,0.136160833,0.138947167,0.145120667,0.149996167,0.154077,0.157748167,0.1592295,0.159218833,0.158240167,0.157350833,0.156212,0.154386833,0.152805,0.1511515,0.149643167,0.147592667,0.145795167,0.144104333,0.143019167,0.143323167,0.145639333,0.1500835,0.1556645,0.163209667,0.171750833,0.178794167,0.1832485,0.187757167,0.1918,0.1942145,0.195262833,0.194524167,0.191812667,0.1886475,0.184923667,0.182114167,0.179995667,0.178249167,0.175923667,0.173406667,0.172123833,0.172514167,0.175128833,0.180081,0.187735,0.198180833,0.209380667,0.219960833,0.228926833,0.235263333,0.245115,0.2630495,0.288514167,0.317631667,0.344457667,0.364527333,0.3761695,0.381859667,0.385312833,0.3880005,0.389378,0.388163833,0.384831,0.3801625,0.374748167,0.3692275,0.364649333,0.361496,0.359215333,0.356299833,0.352995833,0.349989167,0.3472865,0.344651333,0.340586,0.334129167,0.326323667,0.318667667,0.312229667,0.307648,0.305133667,0.304827333,0.306712,0.309450333,0.31132,0.312809167,0.3157535,0.319640333,0.3220065,0.324555167,0.326832833,0.326017333,0.324369167,0.325227,0.327459667,0.329999667,0.331973,0.331627,0.331247,0.329968167
